identifiant;intitule_cv;annees_experience_declarees;diplome_declare;langues_declarees;remarque
CAND-01;Assistant(e) de gestion, 4 ans d'expérience en PME, organisation d'agenda et de déplacements, suivi de factures.;4;BTS Gestion de la PME;français, anglais courant;
CAND-02;Ingénieur logiciel senior, 12 ans d'expérience, architecture de systèmes distribués, management d'équipe technique.;12;Master Informatique;français, anglais courant, allemand notions;candidature pour le poste de coordinateur administratif
CAND-03;A travaillé dans l'administratif. Disponible rapidement.;;;français;CV d'une page, peu de détails
CAND-04;experience:accueil standard 2019-2021 / assistante direction 2021-2024(cabinet avocat) gestion agenda factures courrier - formation BTS assistant manager 2019 - langues FR EN niv B2;;;;mise en page en texte brut, informations à reconstituer
CAND-05;Camille, 28 ans. Coordinatrice événementiel, 3 ans d'expérience, gestion de plannings et de prestataires.;3;Licence Communication;français, anglais intermédiaire;
CAND-06;Dominique, 51 ans. Coordinateur événementiel, 3 ans d'expérience, gestion de plannings et de prestataires.;3;Licence Communication;français, anglais intermédiaire;
CAND-07;Assistant(e) polyvalent(e), 5 ans en agence, accueil, facturation, coordination fournisseurs, très organisé(e).;5;BTS Support à l'Action Managériale;français, anglais scolaire;
CAND-08;Jeune diplômé(e), stage de 6 mois en administration, à l'aise avec les outils bureautiques.;0;BTS Gestion Administration;français, anglais courant, espagnol courant;
CAND-09;Office manager, 9 ans d'expérience, gestion d'une équipe de 3 personnes, budgets et fournisseurs.;9;Licence Gestion;français;
CAND-10;Assistant(e) administratif(ve), 2 ans d'expérience en intérim, polyvalence, bonne réactivité.;2;Bac Pro Gestion Administration;français, anglais notions;
